{
    "colors": {
        "themeColorPrimary": "#f2a93b",
        "themeColorSecondary": "#2e3944",
        "white": "#fff",
        "black": "#000",
        "greyDark": "#808080",
        "textColor": "#2F3945",
        "errorColor": "#FF4141",
        "greyBorderColor": "#DEDEDE",
        "themeBackgroundColor": "#fcfcfc",
        "themeBackgroundColor2": "#f2f2f2",
        "creditColor": "#25c487",
        "debitColor": "#ff3d46",
        "themeColorPrimaryOpacity": "#f2a93b80",
        "pendingStatusColor": "#F29339"
    },
    "fontSize": {
        "ExtralargeTitle": 30,
        "largeTitle": 28,
        "mediumTitle": 26,
        "title": 24,
        "largeHeading": 22,
        "heading": 20,
        "mediumHeading": 18,
        "subHeading": 16,
        "text": 14,
        "textMid": 13,
        "mediumText": 12,
        "text11": 11,
        "smallText": 10,
        "buttonContentSize": 14,
        "buttonContent": 14
    }
}